{
	"class_name" : "PinholeCameraParameters",
	"extrinsic" : 
	[
		0.93826021467054022,
		0.011437109204834485,
		-0.34574117790542175,
		0.0,
		-0.0013927669304657306,
		-0.99932031197275362,
		-0.036837131796000427,
		0.0,
		-0.34592749206541706,
		0.035044352065849292,
		-0.93760656120870634,
		0.0,
		12.463145795863198,
		0.38862549132898483,
		39.095051043016866,
		1.0
	],
	"intrinsic" : 
	{
		"height" : 1055,
		"intrinsic_matrix" : 
		[
			913.65680099258282,
			0.0,
			0.0,
			0.0,
			913.65680099258282,
			0.0,
			959.5,
			527.0,
			1.0
		],
		"width" : 1920
	},
	"version_major" : 1,
	"version_minor" : 0
}